"Pathway","baseMean","log2FoldChange","lfcSE","stat","pvalue","padj","padj_targeted"
"PYRIDOXSYN-PWY: pyridoxal 5'-phosphate biosynthesis I",1414.76038128844,1.55343388657206,1.72079946260307,0.902739639529043,0.366664093122579,0.996594415525585,0.511780946712828
"PWY0-845: superpathway of pyridoxal 5'-phosphate biosynthesis and salvage",1965.89744534516,1.15197849939188,1.75588516114518,0.656067107851501,0.511780946712828,0.996594415525585,0.511780946712828
