"rab.all","rab.win.DO","rab.win.DY","diff.btw","diff.win","effect","overlap","we.ep","we.eBH","wi.ep","wi.eBH","Pathway"
2.33799034309325,-5.19046597590714,3.04927222069955,7.74232801713566,9.15750719626287,0.757394169750087,0.24557755439186,0.0109470712703629,0.889147584175117,0.0199335181168529,0.997495893862467,"PYRIDOXSYN.PWY.pyridoxal.5..phosphate.biosynthesis.I"
2.6761150780314,-5.06387359286485,3.30381600949594,7.89394828307155,9.68254699419716,0.720467950835105,0.24687503077562,0.0118385227888091,0.938584691300826,0.024138649740345,0.997495893862467,"PWY0.845.superpathway.of.pyridoxal.5..phosphate.biosynthesis.and.salvage"
