"rab.all","rab.win.DO","rab.win.DY","diff.btw","diff.win","effect","overlap","we.ep","we.eBH","wi.ep","wi.eBH","Pathway"
2.33799034309325,-5.19046597590714,3.04927222069955,7.74232801713566,9.15750719626287,0.757394169750087,0.24557755439186,0.0109470712703629,0.889147584175117,0.0199335181168529,0.997495893862467,"PYRIDOXSYN.PWY.pyridoxal.5..phosphate.biosynthesis.I"
-5.28930698376926,-6.52602627620273,-1.6314316287888,5.65974774952271,8.71789315077397,0.600577459817675,0.291363186166737,0.0360210592258504,0.914419695217346,0.0708606635482651,0.972111098185774,"PWY.7282.4.amino.2.methyl.5.phosphomethylpyrimidine.biosynthesis..yeast."
2.6761150780314,-5.06387359286485,3.30381600949594,7.89394828307155,9.68254699419716,0.720467950835105,0.24687503077562,0.0118385227888091,0.938584691300826,0.024138649740345,0.997495893862467,"PWY0.845.superpathway.of.pyridoxal.5..phosphate.biosynthesis.and.salvage"
-4.07594712373515,-5.78895840068859,3.09983901656878,5.80911255460805,9.30766224228948,0.527617082802367,0.283038525679526,0.0503971577141635,0.989833165063396,0.0564764617009049,0.99832540458766,"PWY.5723.Rubisco.shunt"
6.48379417447683,8.02203971970827,4.19201729512716,-3.75398354290623,6.76690778465103,-0.504589114755293,0.254166695982102,0.00870999404758489,1,0.0175115803249711,1,"PWY0.1241.ADP.L.glycero..beta..D.manno.heptose.biosynthesis"
