Pathway,Estimate_CLR,SE,t.val,pval,pval_BH
PWY0-845: superpathway of pyridoxal 5'-phosphate biosynthesis and salvage,6.87817705763835,1.92133627490115,3.60017207543052,0.00218080146004955,0.547575936324286
PYRIDOXSYN-PWY: pyridoxal 5'-phosphate biosynthesis I,6.78880629371596,1.88723737358553,3.63444089046637,0.00267186300583459,0.522354109505403
