Pathway,diff.btw,diff.win,effect,we.ep,we.eBH,wi.ep,wi.eBH
PWY0-845: superpathway of pyridoxal 5'-phosphate biosynthesis and salvage,10.8136387262248,7.49401042890712,1.19753399560756,0.00215484077977084,0.217811571657056,0.00520208716077524,0.225391068266145
PYRIDOXSYN-PWY: pyridoxal 5'-phosphate biosynthesis I,8.61105241925882,8.73812826422468,0.858386878986373,0.0172248286715321,0.546210700124822,0.0102016167043741,0.3562966151325
