"","Df","SumOfSqs","R2","F","Pr(>F)"
"Model",6,6.44693401621634,0.548268234408842,10.3164761645144,0.001
"Residual",51,5.31178846962601,0.451731765591157,NA,NA
"Total",57,11.7587224858423,1,NA,NA
