"Pathway","baseMean","log2FoldChange","lfcSE","stat","pvalue","padj","padj_targeted"
"PWY0-845: superpathway of pyridoxal 5'-phosphate biosynthesis and salvage",371.39103811916,6.50776417543215,1.99600837471872,3.26038921372222,0.0011125942248566,0.0305535490979852,0.00222518844971321
"PYRIDOXSYN-PWY: pyridoxal 5'-phosphate biosynthesis I",318.067008394756,4.03872690962555,1.80806728004784,2.23372600908893,0.0255011065698653,0.455194752272096,0.0255011065698653
